{
    "TTR": 0.6477331076268946,
    "keskmine_lemma_pikkus": 4.828625307206614,
    "k\u00e4\u00e4nduvate_lemmade_osaarv": 0.43960858681482246
}