{
    "TTR": 0.6477411572819197,
    "keskmine_lemma_pikkus": 4.82933598951099,
    "k\u00e4\u00e4nduvate_lemmade_osaarv": 0.43949463505386316
}